id,produto,price,date,fabricante
1,Wine - Piper Heidsieck Brut,66,04.06.2024,Innotype
2,"Wine - Red, Mouton Cadet",14,23.11.2024,Gigabox
3,"Wine - White, Riesling, Henry Of",66,26.03.2024,Realcube
4,"Cup - 6oz, Foam",45,26.03.2025,Linkbridge
5,Breadfruit,76,12.12.2024,Youbridge
6,Chips Potato All Dressed - 43g,144,11.02.2025,Dynabox
7,Rice - 7 Grain Blend,11,02.09.2023,Eamia
8,Coffee Swiss Choc Almond,43,25.02.2024,Jaloo
9,Venison - Racks Frenched,3,25.05.2024,Vidoo
10,Turkey - Ground. Lean,97,22.02.2024,Skinix
11,Beer - Upper Canada Lager,185,08.01.2025,Realcube
12,Cookie - Dough Variety,103,30.07.2024,Tagpad
13,Energy Drink - Franks Original,23,07.02.2024,Realfire
14,"Oranges - Navel, 72",73,08.03.2024,Skyndu
15,"Chocolate - Semi Sweet, Calets",100,14.08.2024,Roombo
16,"Nut - Almond, Blanched, Whole",159,29.06.2024,Livetube
17,Longos - Cheese Tortellini,44,27.10.2023,Leexo
18,"Bag - Bread, White, Plain",47,22.04.2024,Realcube
19,"Coffee - Beans, Whole",179,11.01.2025,Blognation
20,Bread - Onion Focaccia,155,28.11.2024,Wikivu
21,Mustard - Dijon,102,29.12.2023,Skalith
22,Appetizer - Veg Assortment,4,10.02.2025,Topiclounge
23,Corn Meal,126,08.12.2023,Photofeed
24,Puree - Raspberry,13,22.02.2024,Tagpad
25,Rhubarb,73,14.05.2024,Gabtune
26,"Pepper - Paprika, Spanish",86,02.12.2024,Divavu
27,Wine - Cotes Du Rhone Parallele,125,14.09.2023,Wikido
28,"Trout - Hot Smkd, Dbl Fillet",6,27.04.2024,Layo
29,Milk - Homo,82,01.08.2024,Zoonoodle
30,Cheese - Le Cru Du Clocher,108,01.11.2024,Twimm
31,"Beef - Ground, Extra Lean, Fresh",88,14.01.2024,Dynava
32,Garam Marsala,43,17.08.2024,Gigabox
33,Cumin - Whole,156,18.11.2023,Roomm
34,Soup - Campbells Asian Noodle,53,02.02.2024,Feednation
35,Calaloo,197,13.06.2024,Quamba
36,Mints - Striped Red,179,20.01.2024,Gigaclub
37,"Juice - Cranberry, 341 Ml",177,25.02.2024,Chatterbridge
38,"Yogurt - Banana, 175 Gr",145,10.06.2024,Chatterbridge
39,Vinegar - Raspberry,173,11.04.2024,Twimbo
40,"Bread - Pita, Mini",79,29.03.2025,Mudo
41,Cod - Black Whole Fillet,20,12.10.2024,Quaxo
42,Table Cloth 72x144 White,138,31.10.2024,Shufflebeat
43,Beer - Sleemans Cream Ale,82,06.09.2024,Browsedrive
44,Extract - Lemon,20,28.03.2025,Janyx
45,Beer - Heinekin,174,13.04.2024,Pixope
46,Shrimp - Black Tiger 16/20,103,29.09.2023,Mydeo
47,"Bread - Rolls, Rye",146,19.11.2023,Flashspan
48,Chickensplit Half,113,20.09.2024,Gabtype
49,Beef - Kobe Striploin,124,22.12.2024,Mybuzz
50,Durian Fruit,187,02.08.2024,Centizu
51,Capon - Whole,1,27.11.2024,Jaxworks
52,Muffin - Banana Nut Individual,184,23.05.2024,Dynazzy
53,Sauce - Roasted Red Pepper,193,16.02.2025,Layo
54,Savory,126,22.06.2024,Trudeo
55,Lamb Rack Frenched Australian,27,16.04.2025,Oyoba
56,Broom And Brush Rack Black,168,09.03.2025,Tagtune
57,Steampan - Half Size Shallow,175,02.04.2025,Midel
58,Corn - On The Cob,144,19.06.2024,Linktype
59,Corn Shoots,189,31.01.2025,Kazio
60,Daikon Radish,197,05.11.2023,Linkbridge
61,Vinegar - Tarragon,82,19.04.2024,Livetube
62,"Mushroom - Enoki, Fresh",168,14.02.2025,Jabbersphere
63,Beef Cheek Fresh,196,27.12.2024,Dabshots
64,Chocolate - Compound Coating,108,05.11.2024,Wordtune
65,Chicken Giblets,74,19.05.2024,Realmix
66,Ice Cream - Super Sandwich,172,01.11.2024,Thoughtstorm
67,"Cheese - Havarti, Roasted Garlic",93,05.12.2024,Oyoba
68,Wine - Semi Dry Riesling Vineland,143,13.10.2024,Minyx
69,Red Cod Fillets - 225g,50,27.06.2024,Dabfeed
70,Pastry - Banana Tea Loaf,105,07.01.2024,Dynabox
71,Eggplant - Regular,79,21.05.2025,Shufflester
72,Chicken - Wieners,83,17.10.2024,Cogibox
73,Ham - Procutinni,10,25.11.2023,Flipbug
74,Table Cloth 81x81 White,137,21.02.2024,Tagfeed
75,Spic And Span All Purpose,116,14.01.2025,Oyoba
76,Bread - 10 Grain,181,19.01.2024,Blogtags
77,Bread - Granary Small Pull,82,26.11.2024,Meemm
78,Lettuce - Lolla Rosa,153,29.12.2023,Voolith
79,Cabbage - Nappa,3,01.06.2025,Jabberbean
80,Cafe Royale,100,27.08.2023,Mita
81,Extract - Rum,21,26.05.2025,Youspan
82,Plastic Wrap,180,27.03.2024,Kazio
83,Puree - Pear,179,03.05.2025,Eidel
84,"Chilli Paste, Ginger Garlic",83,28.03.2025,Jazzy
85,Cream Of Tartar,151,05.07.2024,Gabcube
86,Beef - Prime Rib Aaa,148,05.04.2024,Realblab
87,Pie Box - Cello Window 2.5,26,24.12.2023,Skajo
88,Lemon Tarts,172,29.03.2024,Meejo
89,Lotus Rootlets - Canned,93,21.08.2024,Shuffledrive
90,Kiwi Gold Zespri,146,12.02.2024,Twitterwire
91,Table Cloth 62x114 Colour,22,13.06.2024,Livetube
92,Wine - Sauvignon Blanc,86,16.12.2023,Dabfeed
93,Wine - Guy Sage Touraine,58,07.05.2024,Skinte
94,"Juice - Grape, White",75,21.03.2024,Linklinks
95,Flounder - Fresh,41,09.01.2024,Zava
96,Beans - Butter Lrg Lima,190,02.11.2023,Photofeed
97,"Nut - Almond, Blanched, Ground",180,06.12.2024,Wikivu
98,"Juice - Orange, 341 Ml",47,27.02.2025,Divanoodle
99,Onion - Dried,151,30.12.2024,Avamm
100,Eggplant - Regular,136,21.01.2024,Rhynoodle
101,Potatoes - Idaho 80 Count,168,13.03.2025,Riffwire
102,Compound - Passion Fruit,144,04.10.2024,Topiczoom
103,Container - Hngd Cll Blk 7x7x3,53,07.02.2024,Voolith
104,Walkers Special Old Whiskey,71,08.05.2025,Nlounge
105,Sauce - Ranch Dressing,90,20.05.2024,Wikivu
106,Cod - Fillets,19,04.06.2024,Yombu
107,Dates,92,29.10.2024,Meeveo
108,Schnappes Peppermint - Walker,24,22.12.2023,Topdrive
109,Tea - Herbal - 6 Asst,136,16.05.2025,Thoughtstorm
110,Beef - Prime Rib Aaa,178,27.03.2024,Quamba
111,Octopus,161,26.03.2025,Brainsphere
112,Bar Energy Chocchip,181,09.03.2025,Leenti
113,Banana Turning,128,05.04.2025,Topicware
114,Table Cloth 62x120 Colour,174,14.08.2024,Thoughtblab
115,Sugar - White Packet,1,31.12.2023,Skidoo
116,Muffin Carrot - Individual,139,27.12.2023,Edgewire
117,"Nut - Walnut, Pieces",112,06.06.2024,Vinder
118,Pepper - Gypsy Pepper,99,15.05.2024,BlogXS
119,Schnappes Peppermint - Walker,97,03.04.2025,Blognation
120,Melon - Cantaloupe,103,12.05.2025,Kaymbo
121,Bread Fig And Almond,73,30.01.2024,Zoomcast
122,Barramundi,16,23.11.2023,Tazzy
123,Veal - Nuckle,138,05.09.2023,Trupe
124,Flour - Rye,17,24.11.2024,Skyndu
125,Long Island Ice Tea,99,17.03.2024,Talane
126,"Shrimp, Dried, Small / Lb",31,20.03.2025,Eayo
127,Sauce - Mint,170,28.03.2025,Zoovu
128,Bread - Malt,195,05.08.2024,Meevee
129,Jolt Cola - Red Eye,4,22.12.2023,Zooveo
130,Corn - Mini,185,22.01.2025,Livetube
131,Extract - Rum,26,10.07.2024,Oyondu
132,Wine - Peller Estates Late,62,12.05.2024,Photospace
133,Bacardi Breezer - Tropical,125,19.02.2025,Photospace
134,Creme De Banane - Marie,101,18.09.2023,Eire
135,Ocean Spray - Ruby Red,63,24.08.2024,Realcube
136,"Oil - Olive, Extra Virgin",159,31.08.2024,Gabtune
137,Wine - Gewurztraminer Pierre,162,09.11.2023,Cogibox
138,Yoplait Drink,94,19.09.2024,Livefish
139,Coffee - Frthy Coffee Crisp,87,20.04.2025,Skilith
140,Puree - Mocha,3,28.09.2024,Mynte
141,Shrimp - Black Tiger 6 - 8,169,10.06.2025,Meejo
142,Raspberries - Frozen,73,01.06.2025,Yodoo
143,Beef - Short Loin,87,03.06.2024,Tavu
144,Duck - Breast,181,20.05.2025,Lazz
145,"Shrimp, Dried, Small / Lb",169,04.10.2023,Tazzy
146,Rappini - Andy Boy,37,10.02.2024,Flipbug
147,Cheese - Cream Cheese,114,25.04.2024,Gabcube
148,Sword Pick Asst,3,13.07.2024,Linktype
149,Muffin - Blueberry Individual,140,09.09.2024,Zoomcast
150,Scallops - 20/30,131,13.04.2025,Leenti
151,Chocolate Bar - Oh Henry,86,02.02.2025,Cogilith
152,Star Fruit,63,12.11.2023,Twiyo
153,Grapefruit - Pink,199,19.10.2023,Lajo
154,Aromat Spice / Seasoning,154,07.10.2023,Meezzy
155,Muffin Mix - Banana Nut,163,07.12.2024,Zoonder
156,"Soup - Beef, Base Mix",60,06.10.2024,Thoughtbridge
157,"Croissant, Raw - Mini",103,17.05.2024,Thoughtmix
158,"Cheese - Boursin, Garlic / Herbs",68,03.12.2024,Plajo
159,Cookie - Oreo 100x2,176,24.08.2024,Shufflester
160,"Wine - Mas Chicet Rose, Vintage",45,31.07.2024,Devpoint
161,Cheese - Ermite Bleu,132,11.03.2024,Zoombeat
162,Paper Towel Touchless,45,09.01.2024,Livefish
163,"Water - Mineral, Carbonated",12,21.05.2024,Realbuzz
164,Oil - Grapeseed Oil,85,02.05.2024,Rhyloo
165,Seaweed Green Sheets,3,11.10.2023,Browsebug
166,"Juice - V8, Tomato",141,18.01.2025,Tanoodle
167,Prunes - Pitted,111,09.04.2025,Kimia
168,Wine - Fat Bastard Merlot,76,24.08.2024,Feedfish
169,Nestea - Iced Tea,95,11.08.2024,Yakidoo
170,Bacardi Breezer - Tropical,20,07.06.2024,Kayveo
171,Pur Source,69,27.02.2025,Feedmix
172,Sage Derby,127,19.11.2023,JumpXS
173,Wine - Barolo Fontanafredda,184,15.06.2024,Abatz
174,Cake Slab,79,21.12.2024,Topicware
175,"Bar Mix - Pina Colada, 355 Ml",101,11.10.2024,Gigashots
176,Bread - Frozen Basket Variety,105,07.02.2025,Roombo
177,Plums - Red,162,13.02.2024,Blogspan
178,Duck - Fat,93,15.08.2024,Devpulse
179,Beef Tenderloin Aaa,111,06.06.2024,Leenti
180,Food Colouring - Blue,87,12.04.2024,Shufflebeat
181,"Pork - Butt, Boneless",196,27.01.2025,Katz
182,Eggwhite Frozen,109,21.03.2025,Oodoo
183,Passion Fruit,27,24.11.2023,Twiyo
184,Longos - Chicken Cordon Bleu,88,04.09.2024,Livetube
185,Buttons,152,08.12.2024,Yabox
186,Bar Mix - Lime,73,09.06.2024,Browsedrive
187,Wine - Beaujolais Villages,43,22.12.2024,Brightbean
188,Carbonated Water - Blackcherry,82,06.06.2024,Meetz
189,Rambutan,35,06.03.2024,Twitterworks
190,Asparagus - Frozen,70,15.08.2024,Eidel
191,Ice Cream Bar - Drumstick,16,07.11.2024,Browsetype
192,Sausage - Breakfast,117,28.04.2024,Centimia
193,"Napkin - Beverge, White 2 - Ply",167,10.06.2024,Yakitri
194,Beer - Mcauslan Apricot,144,13.06.2025,Reallinks
195,Grouper - Fresh,39,17.02.2024,Ozu
196,Cornstarch,43,04.03.2024,Thoughtbeat
197,"Plate - Foam, Bread And Butter",171,26.04.2025,Eimbee
198,Cake - French Pear Tart,119,18.01.2024,Jabberbean
199,Rappini - Andy Boy,169,23.09.2023,Yambee
200,"Star Anise, Whole",91,19.02.2024,Midel
201,Crab Meat Claw Pasteurise,134,30.08.2023,Wikivu
202,"Pail - 4l White, With Handle",151,05.05.2025,Izio
203,"Ham - Smoked, Bone - In",14,01.08.2024,Oozz
204,Muffin - Mix - Mango Sour Cherry,178,03.01.2025,Topicstorm
205,"Soda Water - Club Soda, 355 Ml",34,15.04.2024,Realbridge
206,Wine - Vouvray Cuvee Domaine,103,03.04.2024,Podcat
207,"Nut - Walnut, Pieces",106,23.09.2023,Kwilith
208,Ecolab - Ster Bac,53,25.11.2023,Fivechat
209,Sauce - Cranberry,171,23.01.2025,Talane
210,Pork - Ground,110,04.12.2023,Topicshots
211,Oil - Olive,163,07.11.2024,Agivu
212,Island Oasis - Strawberry,102,18.09.2023,Brainverse
213,Fenngreek Seed,43,16.07.2024,Myworks
214,"Soup - Knorr, Ministrone",174,07.03.2024,Gabcube
215,Wine - Jackson Triggs Okonagan,80,31.05.2024,Twitterbeat
216,Muffin Hinge Container 6,189,27.01.2024,Meeveo
217,"Clams - Littleneck, Whole",111,07.03.2025,Realbridge
218,Muffin Batt - Choc Chk,179,18.04.2024,Gevee
219,"Chilli Paste, Hot Sambal Oelek",3,01.09.2023,Buzzster
220,Bread - Hot Dog Buns,136,09.06.2025,Yoveo
221,"Pork - Loin, Center Cut",65,29.11.2024,Avamm
222,Rice - Basmati,108,15.08.2024,Jabbersphere
223,Wine - Beaujolais Villages,199,25.06.2024,Flashdog
224,Pork Loin Bine - In Frenched,55,13.06.2025,Trilia
225,Clam Nectar,110,09.02.2024,Kimia
226,Pizza Pizza Dough,179,11.09.2024,Mydo
227,Banana - Leaves,114,24.11.2023,Jaloo
228,Bread - Multigrain Oval,152,16.04.2025,Youspan
229,Chocolate Bar - Coffee Crisp,8,17.12.2023,Eadel
230,Longos - Greek Salad,140,26.03.2024,Bluezoom
231,Bread - Multigrain,144,04.11.2024,Quinu
232,Lamb Shoulder Boneless Nz,151,20.07.2024,Voonix
233,Chocolate - Sugar Free Semi Choc,171,30.07.2024,Zoomlounge
234,"Marsala - Sperone, Fine, D.o.c.",115,02.04.2024,Myworks
235,Pike - Frozen Fillet,56,01.07.2024,Roombo
236,Fond - Neutral,48,12.01.2024,Devify
237,Cookie Dough - Peanut Butter,127,31.05.2025,Dabvine
238,Vinegar - White,50,09.03.2025,Podcat
239,"Yogurt - Blueberry, 175 Gr",200,28.03.2025,Skiptube
240,Pepper - Scotch Bonnet,12,24.05.2024,Feedfire
241,Bay Leaf,56,08.04.2025,Topdrive
242,Wine - Remy Pannier Rose,183,22.02.2024,Topicware
243,Juice - Apple 284ml,116,18.05.2024,Gigabox
244,"Beef - Bones, Marrow",49,18.05.2024,Yamia
245,Radish - Pickled,38,11.01.2024,Bluejam
246,Pickles - Gherkins,60,21.04.2025,Babbleset
247,Breakfast Quesadillas,42,19.02.2024,Oyope
248,Cilantro / Coriander - Fresh,156,10.12.2023,Katz
249,Edible Flower - Mixed,78,23.11.2023,Plambee
250,"Shrimp - Baby, Cold Water",159,20.11.2023,Browsezoom
251,Bread - Corn Muffaleta Onion,115,29.10.2023,Eamia
252,Wine - Magnotta - Cab Sauv,191,07.10.2023,Yoveo
253,Cookies - Englishbay Wht,73,30.01.2025,Gabtune
254,Sprouts Dikon,169,06.12.2023,Brainsphere
255,"Mushroom - Chantrelle, Fresh",112,26.03.2025,Tekfly
256,Wine - Stoneliegh Sauvignon,39,17.07.2024,Talane
257,Bay Leaf Ground,44,23.09.2024,Camido
258,Cup Translucent 9 Oz,122,25.11.2024,Chatterbridge
259,Yoghurt Tubes,200,07.06.2024,Dazzlesphere
260,Turnip - White,33,01.01.2025,Zoombox
261,Parsley - Dried,29,14.09.2024,Tagchat
262,Liqueur - Melon,183,27.02.2024,Roomm
263,Milk - Chocolate 250 Ml,37,30.09.2024,Jayo
264,Cheese Cloth No 60,115,29.04.2024,Yakijo
265,Cheese - Asiago,73,27.01.2025,Mydo
266,Soup V8 Roasted Red Pepper,89,22.06.2024,Gabtune
267,Beef - Eye Of Round,94,28.07.2024,Brightdog
268,Juice - V8 Splash,107,15.10.2023,Bubbletube
269,Capers - Pickled,122,10.11.2024,Npath
270,"Nut - Almond, Blanched, Sliced",58,14.05.2025,Chatterpoint
271,Beef Flat Iron Steak,153,17.10.2023,Jabbertype
272,Radish - Pickled,115,17.04.2024,Yata
273,Clam - Cherrystone,178,07.04.2025,Divanoodle
274,Crackers - Water,153,28.03.2024,InnoZ
275,Squid - U - 10 Thailand,84,17.09.2024,Babbleblab
276,Pea - Snow,15,10.02.2024,Skidoo
277,Pepper - Chilli Seeds Mild,184,07.05.2024,Twimbo
278,Ezy Change Mophandle,18,19.05.2025,Thoughtstorm
279,Mushroom - White Button,200,13.06.2025,Skalith
280,"Soup - Knorr, Chicken Noodle",123,28.12.2023,Abata
281,Cheese - Camembert,47,15.12.2023,Photofeed
282,Kiwi,17,24.09.2023,Twitternation
283,Bread - Ciabatta Buns,62,13.12.2024,Realcube
284,Sloe Gin - Mcguinness,84,16.02.2024,Flipstorm
285,Curry Paste - Madras,102,22.12.2024,Zoomlounge
286,Veal - Bones,75,14.10.2024,Oyoyo
287,Lettuce - Boston Bib - Organic,116,02.06.2025,Bluezoom
288,Beer - Steamwhistle,120,18.12.2023,Photobug
289,Gatorade - Orange,28,31.10.2023,Yodel
290,"Coke - Classic, 355 Ml",167,18.11.2024,Divavu
291,"Pasta - Gnocchi, Potato",128,05.06.2025,Jabberstorm
292,"Soup - Knorr, Veg / Beef",47,01.05.2024,Yata
293,"Lemonade - Strawberry, 591 Ml",161,20.07.2024,Realpoint
294,Lamb - Rack,66,02.05.2024,Linkbridge
295,Salad Dressing,131,02.08.2024,Flashpoint
296,"Roe - Lump Fish, Black",176,29.03.2024,Feednation
297,Sea Urchin,141,15.05.2025,Vimbo
298,Tea - Earl Grey,9,26.04.2025,Aibox
299,"Champagne - Brights, Dry",16,06.06.2025,Twitterwire
300,Carbonated Water - Orange,128,23.09.2023,Tagopia
301,"Veal - Tenderloin, Untrimmed",22,20.05.2025,Myworks
302,Tea - Lemon Green Tea,27,16.05.2025,Skynoodle
303,Soup - Campbells Chili Veg,125,01.03.2024,Kaymbo
304,Trout Rainbow Whole,88,18.07.2024,Vipe
305,Wine - Ruffino Chianti,177,08.03.2024,Yakidoo
306,Cup - 4oz Translucent,140,10.10.2023,Babblestorm
307,"Pork - Bacon, Sliced",172,02.11.2024,Cogilith
308,Pepper - Red Thai,141,31.10.2024,Bubblebox
309,Tea - Herbal - 6 Asst,68,18.04.2024,Fivespan
310,Chocolate - Semi Sweet,55,19.03.2024,Babblestorm
311,"Stock - Beef, White",34,16.04.2024,Mudo
312,Cup - 8oz Coffee Perforated,80,28.08.2024,Cogilith
313,Kirsch - Schloss,164,04.01.2025,Realbuzz
314,Mix - Cappucino Cocktail,22,04.06.2025,Skajo
315,"Lemonade - Natural, 591 Ml",153,29.03.2024,Skyba
316,Pepper - Cubanelle,31,26.02.2024,Browseblab
317,Grenadillo,126,21.11.2024,Brightbean
318,Tuna - Salad Premix,72,03.06.2025,Innotype
319,Roe - White Fish,106,11.03.2025,Plajo
320,Pancetta,15,08.10.2023,Devpoint
321,"Syrup - Monin, Irish Cream",36,11.12.2024,Yombu
322,"Soup - Cream Of Broccoli, Dry",29,20.06.2024,Thoughtblab
323,Cranberries - Frozen,200,18.06.2024,Flashspan
324,Pastry - Raisin Muffin - Mini,198,19.03.2025,Skilith
325,Sauce - Hp,64,17.03.2024,Topicware
326,Pork - Ground,122,05.11.2024,Yodo
327,Tea - Decaf Lipton,152,23.12.2023,Eidel
328,Octopus,81,18.05.2024,Feednation
329,Garbag Bags - Black,109,12.02.2024,Meetz
330,"Pepper - Green, Chili",129,30.09.2023,Demivee
331,Pork - Ham Hocks - Smoked,47,06.05.2024,Innojam
332,Laundry - Bag Cloth,162,09.01.2025,Divape
333,Muffin Hinge 117n,94,20.03.2024,Yakitri
334,Onions - Green,3,22.03.2024,Rhyzio
335,"Shrimp - 21/25, Peel And Deviened",148,02.01.2025,Voolia
336,Wine - Periguita Fonseca,104,22.11.2024,Ozu
337,Onion - Dried,50,25.10.2024,Miboo
338,"Basil - Dry, Rubbed",78,27.10.2023,Zoombox
339,Tea - Jasmin Green,75,29.10.2023,Skimia
340,Salmon Atl.whole 8 - 10 Lb,29,07.11.2023,Jabbertype
341,"Stock - Beef, Brown",141,12.05.2025,Pixope
342,Squid - U 5,45,01.09.2023,Jabberbean
343,Milk - 2% 250 Ml,80,24.10.2024,Photospace
344,Wine - Placido Pinot Grigo,2,23.06.2024,Dabfeed
345,Cheese - Ermite Bleu,191,09.09.2023,Roomm
346,"Tendrils - Baby Pea, Organic",49,28.03.2024,Quatz
347,"Pepper - Chipotle, Canned",76,09.02.2025,Talane
348,"Cheese - Cheddar, Medium",16,12.05.2024,Realblab
349,"Chocolate - Pistoles, White",1,27.02.2024,Rhynyx
350,Cheese Cloth No 60,6,10.10.2023,Dynava
351,Muffin Batt - Blueberry Passion,28,30.01.2024,Kazio
352,Juice - Apple 284ml,178,31.05.2025,Twiyo
353,Cookies - Englishbay Wht,36,03.12.2023,Plambee
354,Island Oasis - Magarita Mix,195,16.12.2023,Digitube
355,"Rum - Dark, Bacardi, Black",140,22.04.2024,Realcube
356,Muffins - Assorted,24,27.04.2024,Tagchat
357,Red Pepper Paste,195,23.02.2024,Yakijo
358,Radish,153,17.01.2024,JumpXS
359,Appetizer - Southwestern,12,23.05.2024,Thoughtmix
360,"Bread - Roll, Canadian Dinner",56,28.07.2024,Wikizz
361,Bread - Rye,16,02.05.2025,Meevee
362,Vinegar - White,143,25.04.2024,Gigaclub
363,Cheese - Brick With Onion,113,27.06.2024,Topicstorm
364,"Wine - Red, Cabernet Merlot",27,24.03.2024,JumpXS
365,"Juice - Apple, 500 Ml",48,04.06.2024,Yakijo
366,Mussels - Frozen,182,16.02.2025,Yotz
367,Basil - Pesto Sauce,44,13.06.2024,Vimbo
368,Foil Wrap,137,25.10.2024,Gigabox
369,"Quail - Whole, Bone - In",21,15.04.2024,Jabbersphere
370,Roe - Flying Fish,86,08.03.2025,Kare
371,Sea Bass - Whole,49,18.02.2024,Aibox
372,Appetizer - Asian Shrimp Roll,147,16.12.2024,Edgeblab
373,Galliano,194,18.10.2024,Babblestorm
374,V8 Splash Strawberry Banana,40,08.10.2024,Zoombeat
375,Cheese - Perron Cheddar,101,15.05.2024,Vinte
376,Pork - Suckling Pig,118,30.08.2023,Dabfeed
377,Pork - Back Ribs,3,25.11.2023,Jaxspan
378,Fruit Salad Deluxe,49,18.07.2024,Youtags
379,Arrowroot,60,15.04.2025,Aivee
380,Vodka - Moskovskaya,133,03.11.2023,Livepath
381,"Soup - Knorr, Chicken Noodle",187,31.10.2023,Jabbersphere
382,"Veal - Inside Round / Top, Lean",8,27.05.2025,Topicshots
383,Rice - Jasmine Sented,193,03.05.2025,Vitz
384,Oil - Canola,125,09.05.2025,Pixoboo
385,Clementine,15,04.11.2024,Camido
386,Melon - Watermelon Yellow,142,11.01.2025,Dabvine
387,Garbage Bags - Black,18,15.08.2024,Realmix
388,Spinach - Baby,133,14.05.2024,Kimia
389,Cake - Cake Sheet Macaroon,22,24.04.2025,Innotype
390,Salmon Steak - Cohoe 6 Oz,33,21.08.2024,Topicware
391,Salt - Celery,115,25.06.2024,Gigabox
392,Cheese - Montery Jack,148,27.01.2024,Bluejam
393,Bagelers - Cinn / Brown,125,13.03.2025,Divavu
394,"Rice Pilaf, Dry,package",126,10.04.2024,Skynoodle
395,Carbonated Water - Peach,136,12.06.2025,Kwimbee
396,Table Cloth - 53x69 Colour,135,12.05.2024,Midel
397,"Beans - Long, Chinese",91,10.10.2023,Zoomlounge
398,"Salmon - Whole, 4 - 6 Pounds",65,23.06.2024,Twitterwire
399,Amarula Cream,118,07.06.2025,Dynabox
400,Trout Rainbow Whole,43,09.02.2024,Yata
401,"Octopus - Baby, Cleaned",152,24.12.2023,Edgetag
402,External Supplier,129,04.11.2023,Omba
403,Bread - Sour Batard,98,14.01.2024,Rhyzio
404,Miso - Soy Bean Paste,21,22.01.2024,Dablist
405,"Rice Pilaf, Dry,package",114,14.08.2024,Jaloo
406,Pizza Pizza Dough,181,14.05.2025,Kaymbo
407,Sesame Seed Black,148,26.04.2025,Flashspan
408,Wine - Rosso Toscano Igt,59,17.02.2024,Chatterbridge
409,Gherkin,135,01.10.2024,Yodo
410,Chives - Fresh,55,09.12.2023,Mynte
411,"Leeks - Baby, White",68,06.07.2024,Bubblebox
412,Mints - Striped Red,61,29.04.2024,Latz
413,"Apple - Delicious, Red",16,13.05.2025,Yakitri
414,"Artichoke - Bottom, Canned",165,05.10.2023,Thoughtworks
415,Water - Green Tea Refresher,103,19.10.2024,Yotz
416,"Rum - Coconut, Malibu",163,24.02.2024,Trunyx
417,"Pepper - Paprika, Hungarian",131,05.05.2024,Quatz
418,Nut - Macadamia,103,15.10.2024,Oba
419,Wine - Beringer Founders Estate,93,03.10.2024,BlogXS
420,Puree - Blackcurrant,30,30.06.2024,Oyope
421,Table Cloth 54x72 Colour,115,18.10.2024,Devcast
422,Cocoa Powder - Natural,136,26.10.2023,Thoughtstorm
423,Cheese - Bakers Cream Cheese,134,01.11.2023,Mybuzz
424,Trueblue - Blueberry 12x473ml,196,23.11.2024,Dynava
425,Bagel - Plain,77,17.01.2025,Wikizz
426,Cherries - Fresh,42,11.03.2024,Brightbean
427,Cookies Oatmeal Raisin,77,26.10.2024,Skiba
428,"Vodka - Hot, Lnferno",12,13.11.2023,Flashset
429,"Club Soda - Schweppes, 355 Ml",22,02.02.2024,Voomm
430,Wine - Remy Pannier Rose,11,20.09.2024,Dynabox
431,Beef - Flank Steak,191,16.01.2024,Brightdog
432,Flour - Rye,26,11.12.2024,Livetube
433,Lentils - Green Le Puy,199,28.02.2025,Cogilith
434,Longos - Lasagna Veg,113,11.11.2023,Jatri
435,Silicone Paper 16.5x24,31,12.03.2025,Muxo
436,Ice Cream Bar - Drumstick,16,09.09.2023,Flipbug
437,Alize Gold Passion,49,07.04.2024,Gigashots
438,Lamb - Bones,71,17.11.2024,Browsebug
439,Island Oasis - Wildberry,162,19.06.2024,Edgepulse
440,Sauce - Sesame Thai Dressing,150,28.03.2024,Pixope
441,"Soup - Canadian Pea, Dry Mix",148,23.12.2023,Dabjam
442,"Pasta - Orzo, Dry",58,19.04.2024,Edgewire
443,"Water - Spring Water, 355 Ml",153,07.02.2025,Yodoo
444,"Nut - Almond, Blanched, Sliced",89,07.01.2024,Quatz
445,Pork - Smoked Back Bacon,147,07.12.2024,Bluezoom
446,Wine - Merlot Vina Carmen,127,29.03.2024,Divanoodle
447,Bacardi Breezer - Tropical,132,14.02.2024,Muxo
448,Arizona - Green Tea,3,13.09.2023,Quimba
449,Brandy Apricot,46,04.11.2023,LiveZ
450,Oyster - In Shell,89,24.03.2024,Gabtune
451,Pectin,137,11.04.2024,Cogibox
452,Bread - Rosemary Focaccia,117,25.12.2023,Centizu
453,"Cheese - Brie, Triple Creme",192,22.01.2024,Gabtune
454,Sausage - Breakfast,17,30.09.2023,Minyx
455,Sauce - Roasted Red Pepper,121,07.07.2024,Kwilith
456,Chinese Foods - Chicken,136,03.12.2024,LiveZ
457,"Yeast - Fresh, Fleischman",12,27.02.2025,Ntag
458,"Lobster - Baby, Boiled",21,28.01.2024,Jatri
459,Oneshot Automatic Soap System,73,02.10.2024,Eabox
460,Cut Wakame - Hanawakaba,3,10.07.2024,Kare
461,Turnip - Mini,69,19.12.2023,Blogtag
462,"Ranchero - Primerba, Paste",148,31.03.2024,Tagopia
463,"Beef - Tongue, Cooked",98,31.08.2024,Avamba
464,Cheese - St. Andre,63,07.10.2023,Riffpath
465,Calypso - Pineapple Passion,51,17.10.2024,Voomm
466,Walkers Special Old Whiskey,25,30.12.2024,Jabberbean
467,Raspberries - Frozen,80,20.03.2024,Innotype
468,Soup - Campbells Chicken,57,25.09.2023,Edgeclub
469,Smirnoff Green Apple Twist,147,22.12.2023,Skipstorm
470,Pastry - Choclate Baked,126,27.11.2023,Livefish
471,"Nut - Pecan, Halves",184,06.12.2023,Quinu
472,"Pork - Bacon,back Peameal",115,01.10.2023,Wikizz
473,"Pasta - Shells, Medium, Dry",41,15.12.2023,Zoomlounge
474,"Soup - Campbells, Spinach Crm",8,23.11.2023,Browsedrive
475,Gelatine Leaves - Envelopes,45,12.02.2024,Rhycero
476,Veal - Inside,66,17.05.2025,Myworks
477,Spice - Montreal Steak Spice,61,13.04.2025,Vinte
478,Yukon Jack,51,17.02.2024,Skyvu
479,Crush - Cream Soda,147,17.10.2023,Demimbu
480,Soupfoamcont12oz 112con,70,06.02.2025,Quire
481,Sponge Cake Mix - Vanilla,8,03.12.2024,Browseblab
482,Bread Country Roll,85,17.09.2024,Ntag
483,Pepper - Red Chili,59,28.11.2023,Photojam
484,Pork - Ground,17,12.11.2024,Gigabox
485,Pork - Suckling Pig,78,02.07.2024,Edgeify
486,"Veal - Round, Eye Of",39,20.11.2024,Eamia
487,Corn Meal,71,22.01.2024,Kimia
488,"Fish - Soup Base, Bouillon",119,13.08.2024,Eazzy
489,Beef - Flank Steak,93,19.11.2024,Tazz
490,Mustard Prepared,133,03.11.2023,Yombu
491,Chips - Miss Vickies,176,02.12.2024,Meejo
492,Soup Campbells Turkey Veg.,45,24.09.2023,Ozu
493,Broom And Broom Rack White,152,11.06.2024,Gigaclub
494,Wild Boar - Tenderloin,8,28.11.2024,Dabvine
495,Swordfish Loin Portions,165,18.10.2023,Youtags
496,Muffin Mix - Corn Harvest,48,28.08.2024,Riffpedia
497,Truffle Shells - White Chocolate,189,02.05.2024,Meezzy
498,Wine - Ice Wine,79,24.09.2023,Flashset
499,"Doilies - 7, Paper",176,26.05.2024,Meemm
500,Foil Cont Round,36,15.08.2024,Feednation
501,Olives - Nicoise,121,08.02.2025,Photojam
502,Longos - Chicken Wings,141,17.06.2024,Dablist
503,Mackerel Whole Fresh,137,13.12.2023,Fivechat
504,Wine - Montecillo Rioja Crianza,168,12.08.2024,Meevee
505,Island Oasis - Magarita Mix,120,01.08.2024,Twitterbridge
506,Tomatoes - Orange,91,22.07.2024,Voonder
507,"Radish - Black, Winter, Organic",200,11.02.2025,Linkbuzz
508,"Juice - Apple, 1.36l",55,27.09.2023,Kare
509,Ham - Cooked,177,10.11.2023,Jamia
510,Squash - Acorn,107,16.09.2023,Browsetype
511,"Nut - Pecan, Halves",77,29.01.2025,Buzzshare
512,Pepper - Cubanelle,85,04.06.2024,Muxo
513,Sauce - Rosee,194,19.11.2024,Avaveo
514,Nut - Pumpkin Seeds,167,28.01.2024,Katz
515,"Pasta - Rotini, Dry",104,12.05.2024,Twitternation
516,Water - Perrier,164,09.01.2024,DabZ
517,Wine - Rosso Toscano Igt,107,23.12.2024,Livetube
518,Lid Coffeecup 12oz D9542b,6,31.01.2024,Eabox
519,Pear - Asian,60,07.11.2023,Buzzdog
520,Onions - Green,131,10.11.2023,Trilith
521,Bar Energy Chocchip,98,29.04.2025,Riffpath
522,Syrup - Chocolate,166,28.12.2024,Twiyo
523,Oil - Peanut,53,12.03.2024,Jetwire
524,Tandoori Curry Paste,75,13.05.2025,Skalith
525,"Beef - Outside, Round",21,03.05.2024,Shufflebeat
526,"Wine - White, French Cross",174,18.05.2025,Gigabox
527,Limes,5,08.10.2023,Tagcat
528,Skirt - 29 Foot,156,26.03.2024,Jaxspan
529,Wooden Mop Handle,12,23.09.2024,Digitube
530,Kellogs All Bran Bars,135,24.09.2024,Youspan
531,"Veal - Insides, Grains",101,27.12.2024,Aimbo
532,Puree - Passion Fruit,9,08.06.2025,Tagpad
533,Wine - Fat Bastard Merlot,14,02.06.2024,Eazzy
534,Taro Leaves,125,15.05.2025,Flipstorm
535,Sauce Tomato Pouch,120,19.10.2024,Quamba
536,Cake - French Pear Tart,133,21.12.2024,Meetz
537,Cotton Wet Mop 16 Oz,193,08.03.2025,Aimbu
538,Edible Flower - Mixed,15,01.06.2024,Riffpath
539,"Lamb - Whole, Frozen",47,28.02.2025,Yotz
540,Soup - Campbells Chili Veg,32,26.12.2023,Avamba
541,Oil - Avocado,187,14.05.2024,Trudeo
542,Tea - Camomele,64,03.10.2024,Aimbo
543,Baking Soda,143,22.05.2024,Skyba
544,"Oregano - Dry, Rubbed",69,06.02.2025,Buzzster
545,Mousse - Banana Chocolate,111,31.08.2024,Twitterbeat
546,Beef - Tenderloin Tails,132,28.02.2024,Meevee
547,Shark - Loin,98,06.09.2023,Kwinu
548,Water - Evian 355 Ml,138,10.05.2024,Twiyo
549,Kohlrabi,72,22.10.2023,Youopia
550,Sandwich Wrap,79,17.03.2025,Avavee
551,"Beef - Chuck, Boneless",75,29.03.2024,Npath
552,Sprouts - Alfalfa,85,31.08.2023,Devify
553,"Veal - Chops, Split, Frenched",100,12.01.2025,Voolith
554,Cheese - St. Andre,182,19.06.2024,Browsebug
555,Ocean Spray - Kiwi Strawberry,15,15.12.2023,Kazu
556,Heavy Duty Dust Pan,148,20.11.2023,Tazzy
557,Muffin Mix - Banana Nut,184,17.10.2023,Layo
558,Pepper - Chili Powder,49,06.03.2025,Eare
559,Table Cloth 90x90 White,118,01.11.2023,Wordify
560,"Mushroom - Chanterelle, Dry",56,25.12.2023,Wordpedia
561,Muffin Chocolate Individual Wrap,128,11.03.2024,Photobean
562,Graham Cracker Mix,171,04.12.2023,Eire
563,Pears - Bosc,119,12.07.2024,Blogtags
564,Silicone Parch. 16.3x24.3,49,21.05.2024,Flashset
565,Chick Peas - Canned,84,26.08.2024,Dynava
566,"Pork - Bacon,back Peameal",127,14.06.2024,Mydeo
567,"Fish - Base, Bouillion",194,27.12.2024,Devify
568,Pheasants - Whole,182,06.03.2024,Jabberstorm
569,"Leeks - Baby, White",138,04.12.2023,Kwideo
570,"Lamb - Whole, Fresh",9,23.04.2024,Bluezoom
571,Ginger - Crystalized,137,29.03.2024,Divape
572,Pepper - Red Thai,185,17.04.2025,Vitz
573,Praline Paste,10,23.05.2024,Cogidoo
574,"Napkin - Beverge, White 2 - Ply",28,19.08.2024,Blogpad
575,Sobe - Berry Energy,151,09.01.2025,Flashpoint
576,Wanton Wrap,198,24.03.2024,Yotz
577,Dill Weed - Dry,61,27.06.2024,Feedmix
578,Lighter - Bbq,145,06.07.2024,Meemm
579,Ice Cream - Vanilla,199,01.01.2024,Skyble
580,Daikon Radish,82,11.08.2024,Zava
581,Ice Cream Bar - Hageen Daz To,87,17.01.2024,Innotype
582,Wine - Chateau Timberlay,73,09.10.2023,Thoughtstorm
583,Pear - Prickly,154,11.11.2023,Vidoo
584,"Pork - Loin, Boneless",8,14.06.2025,Brainverse
585,Cheese - Stilton,74,30.06.2024,Cogidoo
586,Ketchup - Tomato,51,23.01.2024,Abatz
587,Wine - Saint Emilion Calvet,98,31.07.2024,Roodel
588,Drambuie,178,08.02.2024,Edgeblab
589,Honey - Comb,155,05.04.2025,Aibox
590,Tofu - Soft,10,04.11.2023,Demizz
591,Graham Cracker Mix,31,14.08.2024,Yozio
592,Cut Wakame - Hanawakaba,190,04.06.2024,Avamm
593,Alize Red Passion,58,01.09.2023,Twitterlist
594,"Lid - Translucent, 3.5 And 6 Oz",150,04.12.2024,Roomm
595,Muffin - Mix - Strawberry Rhubarb,133,08.09.2023,Photospace
596,Pork Loin Cutlets,13,25.08.2024,Rhybox
597,Wine - Barolo Fontanafredda,178,07.03.2024,Camimbo
598,"Soup - Knorr, French Onion",85,26.09.2023,Aibox
599,Beef - Cow Feet Split,131,06.02.2024,Skynoodle
600,Tequila Rose Cream Liquor,182,22.08.2024,Kazu
601,Creme De Banane - Marie,68,27.11.2023,Fatz
602,Cleaner - Comet,98,08.11.2023,Meedoo
603,Clam Nectar,19,19.02.2025,Yakidoo
604,Muffin Mix - Oatmeal,58,20.01.2024,Rhynoodle
605,Soup - Campbells - Chicken Noodle,135,29.05.2024,Snaptags
606,Syrup - Monin - Granny Smith,147,03.10.2023,Kwimbee
607,"Quail - Whole, Boneless",42,20.12.2024,Browseblab
608,Blueberries,11,12.02.2024,Devcast
609,"Nut - Cashews, Whole, Raw",92,01.09.2024,Mydo
610,Pate - Cognac,38,14.05.2024,Quinu
611,Skirt - 29 Foot,29,04.12.2023,Mydo
612,Water - Tonic,67,09.08.2024,Jaxbean
613,Onions - Green,84,27.02.2024,Jatri
614,Lemon Pepper,13,22.09.2023,Meejo
615,Sole - Fillet,47,02.10.2023,Devcast
616,Squid - U - 10 Thailand,30,08.09.2023,Yata
617,Flower - Daisies,19,06.07.2024,Shufflester
618,Chevril,28,15.07.2024,Quimm
619,Wine - Sawmill Creek Autumn,81,26.05.2024,Mycat
620,Pepper - Red Chili,98,26.03.2024,Minyx
621,Chicken - Base,13,07.10.2024,Skynoodle
622,Truffle - Whole Black Peeled,140,08.03.2024,Oyoyo
623,Aspic - Clear,40,30.09.2024,Aivee
624,"Chocolate - Pistoles, White",42,28.06.2024,Roomm
625,Glaze - Apricot,101,31.10.2023,Babbleopia
626,Wine - Chianti Classico Riserva,197,03.02.2025,Ooba
627,Radish - Pickled,143,15.12.2023,Pixoboo
628,Cleaner - Pine Sol,65,21.12.2023,Cogidoo
629,Momiji Oroshi Chili Sauce,43,24.10.2024,Tazzy
630,Ham - Virginia,74,15.09.2024,Oba
631,Potatoes - Mini Red,180,10.08.2024,Voomm
632,Tequila - Sauza Silver,125,22.02.2024,Tagcat
633,Ice Cream Bar - Rolo Cone,146,29.08.2024,Jabbersphere
634,Versatainer Nc - 888,146,22.04.2025,Oyoloo
635,"Juice - Pineapple, 341 Ml",144,12.03.2024,Yodel
636,Extract - Rum,58,29.12.2023,Quatz
637,"Water, Tap",11,15.12.2024,Teklist
638,"Marsala - Sperone, Fine, D.o.c.",23,11.10.2023,Wordpedia
639,Chicken - Whole Fryers,144,08.03.2024,Devpoint
640,Skirt - 29 Foot,100,05.02.2024,Twimbo
641,Pork - Smoked Back Bacon,130,21.03.2025,Lajo
642,Cheese - La Sauvagine,42,01.04.2024,Wikido
643,Wakami Seaweed,181,10.10.2023,Jabbersphere
644,Garam Masala Powder,39,14.04.2024,Jetwire
645,"Lamb - Leg, Boneless",22,07.11.2024,BlogXS
646,Scallops - U - 10,85,01.05.2025,Bluejam
647,Table Cloth 54x54 White,55,20.02.2025,Edgeblab
648,"Wine - White, Riesling, Henry Of",66,15.01.2024,Livetube
649,"Turkey - Breast, Boneless Sk On",37,26.07.2024,Avamm
650,Yams,91,16.11.2023,Jaloo
651,Bacardi Breezer - Tropical,129,15.01.2024,Devshare
652,Sauce - Balsamic Viniagrette,144,26.01.2025,Zoozzy
653,"Bread - Multigrain, Loaf",177,23.04.2025,Youspan
654,Otomegusa Dashi Konbu,171,18.10.2024,Eamia
655,"Pasta - Bauletti, Chicken White",87,30.11.2024,Vitz
656,"Potatoes - Instant, Mashed",178,23.03.2025,Roodel
657,Eggs - Extra Large,78,05.07.2024,Jabbersphere
658,Chives - Fresh,186,05.01.2024,Mita
659,Cabbage Roll,1,14.02.2024,Youfeed
660,Carbonated Water - Wildberry,138,14.01.2024,Bubbletube
661,Eggplant - Regular,4,30.08.2024,Skyndu
662,"Pork - Loin, Center Cut",71,06.06.2025,Skajo
663,Lychee,174,23.11.2024,Skidoo
664,Calvados - Boulard,57,10.06.2025,Edgewire
665,Buffalo - Striploin,79,12.03.2025,Quimm
666,Sultanas,162,14.10.2023,Plambee
667,Wine - Pinot Noir Latour,54,26.01.2024,Katz
668,Table Cloth 144x90 White,155,01.05.2025,Browsecat
669,"Dill - Primerba, Paste",195,18.01.2024,Quire
670,Blueberries,62,15.11.2023,Rhyloo
671,"Water - Spring Water, 355 Ml",85,05.01.2024,Tagchat
672,Wine - Cousino Macul Antiguas,110,10.10.2024,Meemm
673,Beans - Soya Bean,102,13.05.2025,Devbug
674,V8 - Tropical Blend,150,03.06.2025,Jaxnation
675,Marzipan 50/50,78,15.10.2024,Skinder
676,Honey - Liquid,52,13.04.2025,Yadel
677,Wine - Sauvignon Blanc,20,24.10.2023,Oloo
678,"Liners - Banana, Paper",131,02.06.2025,Dynazzy
679,White Baguette,138,21.08.2024,Skibox
680,Oil - Hazelnut,100,17.05.2025,Jabberstorm
681,"Apple - Delicious, Golden",125,30.01.2024,Rhycero
682,Truffle Paste,136,05.12.2024,Blognation
683,Beef - Diced,167,24.07.2024,Quamba
684,"Pepper - Chillies, Crushed",142,26.06.2024,Wikido
685,Cookies Almond Hazelnut,199,27.10.2023,Gabvine
686,"Wine - White, Schroder And Schyl",75,25.02.2025,Vinder
687,Muffin - Carrot Individual Wrap,51,18.06.2024,Shufflebeat
688,"Pork - Bacon, Sliced",78,05.02.2024,Twiyo
689,Cilantro / Coriander - Fresh,96,11.09.2023,Shufflester
690,Onions - Green,9,27.04.2025,Realcube
691,Carbonated Water - Raspberry,157,08.03.2025,Skibox
692,Lamb - Rack,11,15.05.2025,Gigaclub
693,Goulash Seasoning,126,12.06.2024,Youfeed
694,Clams - Bay,4,13.12.2024,Eadel
695,Onions - Cippolini,25,18.08.2024,Viva
696,Pepper - Scotch Bonnet,93,06.06.2025,Jabbercube
697,Beef - Inside Round,174,16.11.2023,Innojam
698,Pecan Raisin - Tarts,30,24.08.2024,Blogtag
699,Muffin Mix - Banana Nut,116,09.03.2025,Voomm
700,Water - Spring Water 500ml,169,18.03.2025,Lajo
701,Nut - Macadamia,185,20.05.2025,Divanoodle
702,Egg - Salad Premix,112,23.09.2024,Skivee
703,Syrup - Monin - Granny Smith,146,19.09.2023,Ailane
704,Longos - Burritos,162,06.10.2024,Dabfeed
705,"Doilies - 5, Paper",186,01.03.2025,Ailane
706,Broom - Corn,178,24.10.2024,Dablist
707,Wine - Cava Aria Estate Brut,144,31.08.2023,Linkbuzz
708,Cheese - Cream Cheese,79,05.03.2025,Oba
709,Sardines,141,12.03.2025,Quamba
710,Cookie Dough - Chunky,199,05.06.2024,Flipstorm
711,Broccoli - Fresh,83,27.11.2023,Layo
712,Devonshire Cream,39,28.09.2023,Realfire
713,Oil - Coconut,187,07.12.2024,Skalith
714,Beef Dry Aged Tenderloin Aaa,32,27.02.2025,Trudeo
715,Ecolab - Ster Bac,43,12.05.2024,Reallinks
716,Cake Sheet Combo Party Pack,14,15.10.2024,Yabox
717,"Soda Water - Club Soda, 355 Ml",12,09.07.2024,Kanoodle
718,Chervil - Fresh,193,13.04.2024,Skyndu
719,Bread - Raisin,1,14.05.2024,Pixonyx
720,Curry Paste - Madras,75,23.09.2024,Tavu
721,Table Cloth 90x90 Colour,152,26.02.2024,Skyvu
722,Wine - Merlot Vina Carmen,58,21.09.2024,Voonyx
723,Clams - Canned,142,22.02.2024,Twimbo
724,"Turkey - Whole, Fresh",21,05.05.2025,Eadel
725,Nantucket Orange Juice,91,08.09.2023,Plambee
726,Wine - Fino Tio Pepe Gonzalez,67,05.12.2024,InnoZ
727,"Tomatoes - Vine Ripe, Red",108,31.12.2023,Skinder
728,Scallops - 10/20,114,01.11.2023,Jaxbean
729,"Nut - Hazelnut, Ground, Natural",64,02.09.2023,Oozz
730,Beer - True North Strong Ale,105,27.03.2024,Babbleblab
731,Beef Cheek Fresh,68,10.09.2023,Dabvine
732,Soup - Campbells Bean Medley,109,20.01.2025,Abata
733,Noodles - Steamed Chow Mein,81,14.10.2024,Thoughtmix
734,Puff Pastry - Sheets,36,22.02.2024,Chatterpoint
735,Isomalt,69,01.04.2025,Centimia
736,Straw - Regular,18,05.11.2024,Buzzster
737,Tuna - Salad Premix,46,08.03.2024,Dazzlesphere
738,Wine - Coteaux Du Tricastin Ac,164,11.11.2023,Shufflebeat
739,Cheese - Parmesan Grated,19,05.05.2025,Vimbo
740,Island Oasis - Strawberry,170,30.09.2023,Jabbersphere
741,Swordfish Loin Portions,132,06.06.2024,Yakidoo
742,Pepper - Yellow Bell,134,13.11.2024,Quire
743,"Nut - Pecan, Halves",165,11.08.2024,Devpoint
744,Garbage Bags - Black,195,07.01.2024,Avamm
745,Veal - Insides Provini,68,07.04.2024,Mymm
746,Raspberries - Frozen,18,28.12.2024,Skivee
747,Roe - Flying Fish,123,26.10.2023,Mydeo
748,Steel Wool S.o.s,15,10.12.2023,Divanoodle
749,Celery,96,01.04.2024,Gevee
750,Ostrich - Prime Cut,199,06.04.2024,Riffpath
751,Cornstarch,60,15.12.2023,Fiveclub
752,Foam Espresso Cup Plain White,32,10.03.2024,Twimm
753,Wine - Merlot Vina Carmen,126,10.03.2025,Livefish
754,Garam Masala Powder,82,14.07.2024,Topdrive
755,Cheese - Cream Cheese,92,06.05.2025,Izio
756,Wine - Montecillo Rioja Crianza,62,04.05.2024,Babblestorm
757,Pork - Back Ribs,83,18.12.2023,Gabtune
758,Nacho Chips,61,29.02.2024,Reallinks
759,"Wine - Red, Marechal Foch",67,22.08.2024,Innojam
760,"Cheese - Romano, Grated",86,04.02.2024,Skipstorm
761,Chicken Giblets,149,19.11.2024,Quire
762,Wine - Riesling Dr. Pauly,180,23.01.2025,LiveZ
763,"Mushroom - Shitake, Fresh",182,30.07.2024,Lazz
764,Milk - 2%,194,08.03.2024,Blognation
765,Beer - Molson Excel,101,27.03.2024,Cogibox
766,Cheese - St. Paulin,156,21.04.2024,Eimbee
767,Tomatoes - Hot House,60,04.03.2024,Teklist
768,Coffee - Espresso,80,01.03.2024,Meedoo
769,Pineapple - Regular,174,04.09.2023,Oyondu
770,Gelatine Leaves - Envelopes,187,11.08.2024,Tagchat
771,Momiji Oroshi Chili Sauce,5,04.10.2023,Brainbox
772,"Tomatoes - Vine Ripe, Red",93,03.03.2025,Edgeclub
773,"Doilies - 12, Paper",121,16.07.2024,Yacero
774,Beef - Striploin,33,12.11.2024,Aivee
775,Sprouts Dikon,146,15.12.2023,Roodel
776,Venison - Racks Frenched,71,07.05.2024,Demimbu
777,Bar Mix - Lemon,197,29.11.2023,Brainlounge
778,Crab - Imitation Flakes,63,07.08.2024,Gabspot
779,Lady Fingers,41,25.05.2024,Youbridge
780,Beef - Tenderloin - Aa,120,08.09.2023,Mydo
781,Madeira,88,30.06.2024,Feedfish
782,"Yogurt - Peach, 175 Gr",48,07.04.2024,Kaymbo
783,Wine - Zinfandel Rosenblum,53,11.06.2024,Gevee
784,V8 Splash Strawberry Kiwi,13,27.12.2024,Twimbo
785,Peas - Frozen,61,11.02.2024,Fadeo
786,"Cake Circle, Paprus",169,05.10.2023,Cogibox
787,"Juice - Tomato, 10 Oz",30,15.01.2025,Browsecat
788,Crackers - Water,23,19.08.2024,Edgetag
789,Salmon - Sockeye Raw,122,04.01.2024,Tagfeed
790,"Beer - Alexander Kieths, Pale Ale",43,15.12.2024,Rhynoodle
791,The Pop Shoppe - Lime Rickey,158,24.09.2024,Geba
792,"Lemonade - Island Tea, 591 Ml",189,27.05.2024,Fivebridge
793,Cornish Hen,88,27.10.2023,Linkbridge
794,Blue Curacao - Marie Brizard,61,29.04.2024,Tagtune
795,Trout - Smoked,183,21.10.2024,Fanoodle
796,Hinge W Undercut,138,11.11.2024,Fivespan
797,Mix - Cocktail Strawberry Daiquiri,4,13.09.2023,Lazz
798,"Potatoes - Yukon Gold, 80 Ct",80,20.03.2025,Devpoint
799,Chinese Foods - Plain Fried Rice,190,20.03.2024,Zava
800,Sweet Pea Sprouts,5,26.04.2025,Vitz
801,Soup - Verve - Chipotle Chicken,42,24.01.2025,Ntag
802,"Lemonade - Black Cherry, 591 Ml",183,10.01.2024,Oozz
803,Cinnamon - Stick,178,19.05.2025,Edgetag
804,"Beef - Cooked, Corned",92,01.07.2024,Realbridge
805,"Lobster - Baby, Boiled",149,29.09.2024,Twitterbridge
806,Oven Mitts 17 Inch,18,31.10.2024,Devpoint
807,Bagels Poppyseed,127,06.06.2024,Mudo
808,Ecolab - Lime - A - Way 4/4 L,129,14.03.2025,Skimia
809,"Pork - Bacon, Sliced",177,19.12.2023,JumpXS
810,"Shrimp - Baby, Cold Water",130,25.07.2024,Blogpad
811,Spring Roll Wrappers,81,10.09.2023,Bubblemix
812,Hinge W Undercut,5,11.01.2025,Edgepulse
813,Bread - Wheat Baguette,88,11.05.2024,Feedmix
814,Tea - Jasmin Green,14,02.12.2023,Layo
815,Glass Clear 8 Oz,120,19.09.2023,Twitterbridge
816,Rabbit - Frozen,192,24.11.2024,Bubbletube
817,Pepper - Yellow Bell,22,24.05.2025,Skivee
818,Table Cloth 54x54 White,3,29.10.2023,Katz
819,Ocean Spray - Ruby Red,177,20.01.2025,Edgeclub
820,Turkey - Oven Roast Breast,180,20.01.2024,Voolith
821,Cattail Hearts,155,21.01.2025,Mycat
822,"Lemonade - Natural, 591 Ml",169,08.03.2025,Twitterbridge
823,Chervil - Fresh,80,29.01.2024,Zooxo
824,"Soda Water - Club Soda, 355 Ml",67,14.11.2023,Edgetag
825,Spring Roll Veg Mini,18,21.07.2024,Devbug
826,Wine - Sawmill Creek Autumn,32,31.03.2024,Kazu
827,Tuna - Yellowfin,176,19.07.2024,Livetube
828,V8 Splash Strawberry Banana,154,02.05.2024,Gigashots
829,Cheese - Augre Des Champs,41,14.12.2024,Zoovu
830,Jicama,122,05.09.2024,Browseblab
831,Pasta - Cheese / Spinach Bauletti,183,27.04.2025,Quaxo
832,Dip - Tapenade,161,19.02.2025,Ailane
833,Chocolate - Unsweetened,161,13.04.2025,Kwinu
834,Quiche Assorted,9,28.02.2025,Wordtune
835,"Wine - White, French Cross",103,07.01.2025,Yoveo
836,"Wine - White, Mosel Gold",9,13.04.2024,Realblab
837,Fudge - Chocolate Fudge,165,02.01.2025,Meevee
838,Milk - Chocolate 500ml,69,01.02.2024,Voolia
839,Coffee Decaf Colombian,8,15.06.2024,Trilith
840,Beets - Mini Golden,127,27.12.2023,Minyx
841,Breakfast Quesadillas,68,07.08.2024,Linklinks
842,Squash - Guords,17,04.12.2024,Katz
843,"Sauce - Bernaise, Mix",4,27.09.2024,Skalith
844,Towel Multifold,106,13.02.2025,Feedspan
845,Island Oasis - Banana Daiquiri,150,06.08.2024,Mudo
846,"Rum - White, Gg White",36,13.09.2023,Wikivu
847,"Shrimp - 16/20, Peeled Deviened",83,04.05.2025,Gigashots
848,Pepper - Chili Powder,123,07.08.2024,Yabox
849,Extract - Lemon,9,02.01.2024,LiveZ
850,Sauce - Roasted Red Pepper,10,26.11.2024,Quire
851,Sterno - Chafing Dish Fuel,140,13.05.2025,Oloo
852,"Salmon - Atlantic, No Skin",27,15.10.2024,Quinu
853,"Shrimp - Baby, Cold Water",63,07.02.2025,Innojam
854,Anisette - Mcguiness,140,27.04.2025,Skipstorm
855,Sesame Seed Black,129,27.02.2025,Rhybox
856,Cake Sheet Combo Party Pack,20,07.08.2024,Livefish
857,"Rosemary - Primerba, Paste",87,06.02.2025,Meembee
858,"Bar Mix - Pina Colada, 355 Ml",163,02.06.2025,Realmix
859,Onions - Pearl,58,07.02.2024,Tagcat
860,Cheese - Parmesan Cubes,159,12.07.2024,Wikizz
861,Flour - Pastry,91,01.10.2023,Wordify
862,Sauce - Oyster,115,04.11.2024,Quaxo
863,Muffin - Banana Nut Individual,102,03.11.2023,Reallinks
864,Puree - Mango,63,30.08.2024,Twitterlist
865,Cheese - Feta,15,08.05.2024,Topicware
866,"Yogurt - Cherry, 175 Gr",35,24.02.2024,Linkbridge
867,Jicama,6,10.05.2024,Dabshots
868,Island Oasis - Wildberry,167,14.03.2024,Voomm
869,Vaccum Bag - 14x20,134,02.06.2024,Livetube
870,Extract Vanilla Pure,6,25.01.2025,Twitternation
871,Bread - Ciabatta Buns,152,22.04.2024,Jabbersphere
872,Oil - Shortening - All - Purpose,182,03.03.2025,Fivebridge
873,Pepper - Red Thai,111,29.10.2023,Topdrive
874,"Turkey - Breast, Smoked",186,17.02.2024,Babbleset
875,Pork - Side Ribs,40,11.09.2024,Muxo
876,Sping Loaded Cup Dispenser,112,23.12.2023,Gigazoom
877,Tea - Camomele,42,26.07.2024,Mycat
878,"Shrimp, Dried, Small / Lb",28,14.08.2024,Thoughtblab
879,Bread - Pita,189,03.09.2023,Teklist
880,Tea Peppermint,150,24.08.2024,JumpXS
881,Shrimp - Tiger 21/25,140,12.06.2025,Voonyx
882,"Beef - Tongue, Cooked",33,11.02.2024,Tagchat
883,Tuna - Loin,16,26.11.2024,Innotype
884,Hersey Shakes,118,19.05.2025,Centizu
885,"Stock - Beef, White",97,24.08.2024,Quatz
886,Dried Peach,192,07.05.2024,Browsedrive
887,Gingerale - Diet - Schweppes,110,02.03.2025,Blogpad
888,Mushroom - Chanterelle Frozen,141,12.03.2025,Eire
889,Seedlings - Clamshell,142,15.08.2024,Thoughtbeat
890,Flour - Pastry,123,02.11.2024,Fivechat
891,"Lentils - Green, Dry",56,06.01.2024,Demimbu
892,"Oranges - Navel, 72",29,28.01.2025,Zooveo
893,Mustard - Seed,170,01.11.2024,Aimbo
894,Muffin Mix - Banana Nut,57,27.04.2024,Tagopia
895,Wine - Montecillo Rioja Crianza,28,11.06.2024,Topicware
896,Cheese - Feta,181,30.03.2025,Kayveo
897,"Lamb - Whole, Fresh",64,19.09.2024,Riffpath
898,Sauce - Ranch Dressing,69,21.01.2025,Muxo
899,"Seedlings - Mix, Organic",63,29.04.2025,Kanoodle
900,Wine - Two Oceans Cabernet,28,27.02.2024,Ainyx
901,"Sparkling Wine - Rose, Freixenet",27,30.06.2024,Jamia
902,Melon - Watermelon Yellow,96,05.02.2024,Yakijo
903,Potatoes - Mini Red,79,06.04.2025,Oyoyo
904,Cheese - Roquefort Pappillon,146,20.05.2024,Yoveo
905,Wine - German Riesling,52,13.11.2024,Shufflebeat
906,Cranberry Foccacia,8,21.12.2024,Mynte
907,Peppercorns - Green,155,15.10.2024,Voomm
908,Sauce - Sesame Thai Dressing,67,13.01.2025,Jetpulse
909,Cloves - Ground,180,11.09.2024,Browsedrive
910,Pork - Ground,25,19.03.2024,Meeveo
911,Edible Flower - Mixed,182,13.09.2024,Twitterworks
912,"Brocolinni - Gaylan, Chinese",180,17.02.2024,Divanoodle
913,"Wine - Red, Antinori Santa",121,16.03.2025,Chatterbridge
914,"Wine - White, Schroder And Schyl",136,12.11.2023,Buzzbean
915,Icecream - Dstk Cml And Fdg,56,03.08.2024,Roomm
916,Dill Weed - Fresh,34,01.04.2024,Viva
917,Island Oasis - Magarita Mix,119,27.04.2025,Jayo
918,Longos - Burritos,163,12.03.2025,Oyonder
919,Salt And Pepper Mix - Black,53,09.11.2023,Gigaclub
920,Cake - Mini Cheesecake,81,04.01.2025,Camido
921,Glass Clear 8 Oz,177,21.10.2024,Lajo
922,"Crab - Blue, Frozen",72,24.03.2025,Realbuzz
923,Kirsch - Schloss,200,28.11.2023,Jamia
924,Cup - 4oz Translucent,112,02.02.2024,Wordpedia
925,Wine - Prosecco Valdobiaddene,115,18.08.2024,Yakidoo
926,Basil - Pesto Sauce,172,10.02.2025,Kimia
927,Yoplait Drink,94,24.05.2025,Gabtype
928,Soup - Campbells Chicken,51,26.03.2024,Jayo
929,Wine - Barolo Fontanafredda,2,26.09.2024,Browsetype
930,Soup - Boston Clam Chowder,109,29.12.2024,Trudoo
931,Canada Dry,26,20.02.2024,Skimia
932,"Nut - Pecan, Pieces",56,15.05.2025,Dynava
933,"Artichoke - Hearts, Canned",111,11.02.2024,Edgeify
934,Lychee - Canned,73,15.05.2024,JumpXS
935,Muffin - Mix - Mango Sour Cherry,85,08.05.2024,Brainverse
936,"Thyme - Lemon, Fresh",164,17.10.2024,Flashpoint
937,Soup - Campbells Chili Veg,190,22.04.2024,Snaptags
938,Wine - Chardonnay South,196,04.11.2023,Meetz
939,Red Pepper Paste,6,03.08.2024,Skinte
940,"Pasta - Penne, Rigate, Dry",168,07.03.2025,Vimbo
941,Figs,96,02.10.2023,Quinu
942,Breakfast Quesadillas,159,24.10.2023,Trudeo
943,Sea Bass - Fillets,63,03.04.2025,Jazzy
944,"Pasta - Lasagna, Dry",84,02.12.2024,Wordify
945,"Beef - Ground, Extra Lean, Fresh",138,25.05.2024,Skimia
946,"Brocolinni - Gaylan, Chinese",91,27.04.2025,Flipstorm
947,French Pastries,34,13.01.2024,Layo
948,Muffin - Mix - Bran And Maple 15l,102,28.01.2025,Yakitri
949,Yeast Dry - Fermipan,99,09.12.2024,Wordify
950,Temperature Recording Station,158,21.04.2024,Buzzshare
951,Plasticspoonblack,50,09.06.2024,Blognation
952,Soup - Campbells Chili Veg,68,07.04.2025,Shufflebeat
953,Bread - French Stick,143,17.04.2025,Zooveo
954,Muffin Batt - Choc Chk,4,16.09.2024,Kwilith
955,Bread - Focaccia Quarter,72,22.05.2025,Jaxnation
956,Avocado,103,02.10.2023,BlogXS
957,"Beef - Chuck, Boneless",151,11.02.2024,Realblab
958,"Chocolate - Pistoles, White",8,13.02.2025,Twitterbeat
959,Chef Hat 25cm,24,09.10.2023,Zava
960,Fib N9 - Prague Powder,77,26.05.2024,Teklist
961,Juice - Lagoon Mango,187,18.10.2024,Yadel
962,Bread - 10 Grain,147,30.09.2024,Layo
963,"Loaf Pan - 2 Lb, Foil",81,16.06.2025,Trudoo
964,Beans - Fava Fresh,131,27.09.2023,Photobug
965,Cake - Mini Potato Pancake,96,04.05.2025,Viva
966,"Pork - Bacon, Sliced",46,04.05.2025,Jabbercube
967,"Iced Tea - Lemon, 340ml",29,18.10.2023,Meemm
968,Apple - Macintosh,121,11.05.2024,Gabtype
969,Beer - Upper Canada Lager,153,11.02.2025,Feedmix
970,Tomatoes - Roma,140,09.10.2023,Yodo
971,Foil Cont Round,197,24.02.2024,Twimm
972,Bread - Triangle White,196,23.01.2024,Youtags
973,Bag - Regular Kraft 20 Lb,84,30.03.2025,Nlounge
974,Juice - Orange,43,03.02.2025,Vinte
975,Soup - Cream Of Potato / Leek,34,01.10.2024,Mymm
976,Salmon Steak - Cohoe 6 Oz,72,08.12.2023,Topiclounge
977,Foie Gras,172,18.03.2024,Photojam
978,"Cheese - Brie, Triple Creme",70,30.12.2023,Devcast
979,Mace,100,09.05.2025,Podcat
980,Magnotta - Bel Paese White,189,05.11.2023,Flipopia
981,Pernod,34,06.06.2025,Meetz
982,Bonito Flakes - Toku Katsuo,89,01.01.2024,Leexo
983,Sprouts Dikon,132,19.05.2024,Browsecat
984,"Beans - Kidney, Red Dry",118,21.11.2023,Fiveclub
985,Scallops - 10/20,178,19.02.2024,Photospace
986,"Chilli Paste, Hot Sambal Oelek",7,26.11.2024,Dynabox
987,Pepper Squash,108,04.05.2024,Voonix
988,Toamtoes 6x7 Select,19,21.08.2024,Twinder
989,Herb Du Provence - Primerba,110,15.05.2025,Tagchat
990,Sauerkraut,28,25.07.2024,Mita
991,Cheese Cloth No 100,187,09.06.2024,Riffpedia
992,"Chicken - Wings, Tip Off",160,16.07.2024,Flipstorm
993,Pork Ham Prager,18,06.10.2023,Flipstorm
994,Beets,166,11.06.2025,Eamia
995,Bread - Malt,107,15.05.2024,Innotype
996,Red Cod Fillets - 225g,49,03.05.2024,Thoughtmix
997,Nantuket Peach Orange,117,02.03.2025,Rhyzio
998,Tomato - Green,59,02.01.2024,Dynava
999,Sproutsmustard Cress,114,27.03.2024,Riffpath
1000,Banana - Green,19,02.03.2025,Twitterworks
